{"accuracy": [0.5111899971961975, 0.5210000276565552, 0.5274699926376343, 0.5259799957275391, 0.5282999873161316], "loss": [0.6956011056900024, 0.6935853362083435, 0.6924536228179932, 0.6925495862960815, 0.692070722579956], "val_accuracy": [0.5081999897956848, 0.5580999851226807, 0.5209500193595886, 0.5172500014305115, 0.5262500047683716], "val_loss": [0.693173885345459, 0.6885880827903748, 0.6908695101737976, 0.6918267607688904, 0.6901592016220093]}