{"accuracy": [0.49834001064300537, 0.5012400150299072, 0.4994400143623352, 0.49823999404907227, 0.5008299946784973, 0.5014700293540955], "loss": [0.6968958377838135, 0.69579017162323, 0.6957017779350281, 0.6952435374259949, 0.6949267387390137, 0.6948192715644836], "val_accuracy": [0.5, 0.5, 0.5, 0.5, 0.5, 0.5], "val_loss": [0.693368136882782, 0.6934243440628052, 0.6933385729789734, 0.6941078901290894, 0.6941182017326355, 0.6935245394706726]}