{"accuracy": [0.530460000038147, 0.5378699898719788, 0.5480499863624573, 0.5564200282096863, 0.5628200173377991, 0.5705999732017517, 0.5763099789619446], "loss": [0.692095935344696, 0.6888173222541809, 0.686260998249054, 0.6826611757278442, 0.6804029941558838, 0.6763703227043152, 0.6732314229011536], "val_accuracy": [0.5468000173568726, 0.5351499915122986, 0.5555999875068665, 0.5836499929428101, 0.5435500144958496, 0.5550000071525574, 0.536899983882904], "val_loss": [0.686058521270752, 0.6877613067626953, 0.6802775859832764, 0.6733365058898926, 0.6821593046188354, 0.680821418762207, 0.7172499895095825]}