{"accuracy": [0.504040002822876, 0.506659984588623, 0.5073000192642212, 0.5136399865150452, 0.5170400142669678, 0.5241000056266785, 0.5254899859428406], "loss": [0.6955738067626953, 0.6945232152938843, 0.694145679473877, 0.6930966973304749, 0.6926754713058472, 0.6919273734092712, 0.6914622783660889], "val_accuracy": [0.5, 0.5, 0.5, 0.5464000105857849, 0.5, 0.5, 0.5], "val_loss": [0.6941308379173279, 0.6923792958259583, 0.6922762989997864, 0.6906716823577881, 0.6925569772720337, 0.6973786354064941, 0.692328691482544]}